{"cameraMode":{"drawMode":0,"name":"Shaded","section":"Shading Mode"},"sceneLighting":true,"audioPlay":false,"sceneViewState":{"m_AlwaysRefresh":false,"showFog":true,"showSkybox":true,"showFlares":true,"showImageEffects":true,"showParticleSystems":true,"showVisualEffectGraphs":true,"m_FxEnabled":true},"in2DMode":false,"pivot":{"x":-3.5718655586242677,"y":-1.6810855865478516,"z":16.583147048950197},"rotation":{"x":-0.17130804061889649,"y":0.15359540283679963,"z":-0.027047326788306237,"w":-0.9728054404258728},"size":8.2842435836792,"orthographic":false}